model_id,training_epoch,training_loss,total_parameters,model_class,rmse,ks_statistic,ks_p_value,wasserstein_distance,distributions_similar,std_rmse,std_correlation,std_mean_absolute_error
A4,79,-3.46207395195961,199,A4Model,3.5165255,0.31660353535353536,1.0247840172980599e-140,1.8922514430610295,False,1.2989415,0.8153463505405588,1.2381173
A3,57,0.00011111257757057125,199,A3Model,4.302117,0.3472222222222222,8.861146012546857e-170,2.5099730821072077,False,3.515216,0.6660308218759587,3.3496943
B5,100,0.44033289700746536,9027,B5Model,0.5134019,0.4791666666666667,0.0,0.3750777962142815,False,0.50677234,-0.9361049879916827,0.48260972
B2,17,-0.47552322410047054,9027,B2Model,0.8141169,0.11426767676767677,1.995430139105892e-18,0.15658922932269925,False,0.3725432,0.9217485960482026,0.34069744
B3,8,-4.066603988409042,9027,B3Model,0.7913024,0.12089646464646464,1.3985066025985635e-20,0.14155934931380382,False,0.2777838,0.913454020601734,0.2467155
B4,23,0.13439535163342953,9027,B4Model,0.7392024,0.13036616161616163,7.16336516163176e-24,0.12948995337205815,False,0.09310909,0.8408286805983511,0.066759236
A2,57,-0.4101083539426327,199,A2Model,3.6035054,0.28345959595959597,1.7411349017727007e-112,1.8660395430216923,False,1.8709927,0.5351534725535233,1.7805034
B1,11,-1.553712701787032,9027,B1Model,0.55575883,0.20012626262626262,6.803893307044245e-56,0.2112704681281946,False,0.35597077,-0.8124688351678835,0.32207146
A1,79,-3.46207395195961,199,A1FinalModel,3.6235623,0.29924242424242425,1.6294620402786677e-125,1.9549991548462409,False,3.5981402,0.839124912345227,3.3608806
