model_id,training_epoch,training_loss,total_parameters,model_class,rmse,ks_statistic,ks_p_value,wasserstein_distance,distributions_similar,std_rmse,std_correlation,std_mean_absolute_error
A4,79,-3.46207395195961,199,A4Model,3.0288095,0.3683712121212121,1.460052170017911e-191,1.7337708331113533,False,2.172564,0.8338043422502611,1.9691281
A3,57,0.00011111257757057125,199,A3Model,4.730632,0.338699494949495,2.1323621398971186e-161,2.7234446039532045,False,3.765815,0.5921792889290808,3.612872
B5,100,0.44033289700746536,9027,B5Model,0.49247652,0.5347222222222222,0.0,0.3589303110160486,False,0.48165816,-0.9536489912709923,0.46164536
B2,17,-0.47552322410047054,9027,B2Model,0.87763655,0.1710858585858586,6.873718976254437e-41,0.30892775531920924,False,0.20961456,0.863822871289098,0.19736877
B3,8,-4.066603988409042,9027,B3Model,0.76015365,0.08743686868686869,5.897045916655787e-11,0.13210762144473454,False,0.16151811,0.900903063194762,0.14164618
B4,23,0.13439535163342953,9027,B4Model,0.78799736,0.10416666666666667,2.225409989059551e-15,0.12644633334952407,False,0.086830586,0.7890944545465117,0.066954486
A2,57,-0.4101083539426327,199,A2Model,2.7268705,0.29829545454545453,1.0349554713395735e-124,1.4977088356625115,False,1.8721321,0.43392375729181654,1.791042
B1,11,-1.553712701787032,9027,B1Model,0.56231034,0.1606691919191919,4.319447423257962e-36,0.14931982769949034,False,0.30863824,-0.6747370171816693,0.28204238
A1,79,-3.46207395195961,199,A1FinalModel,3.0876412,0.3109217171717172,1.220549908945177e-135,1.6682718738079736,False,2.6598172,0.8483856898188127,2.5484118
