model_id,training_epoch,training_loss,total_parameters,model_class,rmse,ks_statistic,ks_p_value,wasserstein_distance,distributions_similar,std_rmse,std_correlation,std_mean_absolute_error
A4,79,-3.46207395195961,199,A4Model,3.6761413,0.3005050505050505,1.3719097481222884e-126,1.8609983728659065,False,1.5587238,0.48856615867046327,1.4572968
A3,57,0.00011111257757057125,199,A3Model,4.676668,0.3813131313131313,1.3607464920823129e-205,2.8216165893594245,False,4.4994774,0.45290969970519973,4.1541786
B5,100,0.44033289700746536,9027,B5Model,0.5052191,0.5372474747474747,0.0,0.3575061475728535,False,0.48708507,-0.6803985708234339,0.4739606
B2,17,-0.47552322410047054,9027,B2Model,1.0475533,0.2212752525252525,2.432252032643349e-68,0.4033544394435099,False,0.37175605,0.5340867357296056,0.2831254
B3,8,-4.066603988409042,9027,B3Model,0.7402192,0.19412878787878787,1.3446739610632885e-52,0.1919269741931106,False,0.11887297,0.5775940401507699,0.10033279
B4,23,0.13439535163342953,9027,B4Model,0.6489794,0.07733585858585859,1.1625426627692687e-08,0.07921035086457384,False,0.12331894,0.4795762798194745,0.095953256
A2,57,-0.4101083539426327,199,A2Model,2.6541831,0.2803030303030303,5.713878118674717e-110,1.4560840219070763,False,2.0981286,0.4077377062068682,2.0132992
B1,11,-1.553712701787032,9027,B1Model,0.59151536,0.12089646464646464,1.3985066025985635e-20,0.14302851771338448,False,0.29239014,0.43223452967750553,0.27885672
A1,79,-3.46207395195961,199,A1FinalModel,2.6521819,0.2904040404040404,3.984837299990584e-118,1.4503897215142336,False,3.1869435,0.6283754126039394,2.9566631
