model_id,training_epoch,training_loss,total_parameters,model_class,rmse,ks_statistic,ks_p_value,wasserstein_distance,distributions_similar,std_rmse,std_correlation,std_mean_absolute_error
A4,25,-2.8526949882507324,199,A4Model,1.773907,0.21938131313131312,3.574438927623791e-67,0.6407836745662426,False,1.2286031,0.29301178345549944,1.1685308
A3,100,-0.0016160920454191263,199,A3Model,4.5688863,0.3317550505050505,9.798480731971054e-155,2.6631468466026824,False,4.3778577,0.7984170060532212,4.040052
B5,100,0.6672042794525623,9027,B5Model,0.5742253,0.39109848484848486,1.4710867586028222e-216,0.2819040926674874,False,0.49459708,-0.8801956356881744,0.46712783
B2,12,-0.17484335927292705,9027,B2Model,0.7666669,0.3125,4.857981373940508e-137,0.3616435775454808,False,0.08619205,0.911457995660751,0.0718021
B3,21,-2.7008599899709225,9027,B3Model,0.8203509,0.15625,3.787934307780208e-34,0.1844346746527736,False,0.17591536,0.911033754895118,0.15513988
B4,10,0.24601945653557777,9027,B4Model,1.0999156,0.24779040404040403,8.940336005434756e-86,0.4991236140700732,False,0.34711024,0.92747458352797,0.32579747
A2,46,-0.31360772624611855,199,A2Model,2.9664643,0.29987373737373735,4.7346438396074414e-126,1.706807884012363,False,2.205177,0.7521796314860006,2.0394483
B1,42,-2.3185764258405546,9027,B1Model,0.832412,0.2534722222222222,8.875525140383386e-90,0.2648421435829144,False,0.31974763,-0.4111310312417896,0.28889126
A1,29,-3.0633535981178284,199,A1FinalModel,2.2272713,0.2490530303030303,1.174763669570283e-86,0.9500427281095976,False,1.0291879,0.38689614718446946,0.9614563
