model_id,training_epoch,training_loss,total_parameters,model_class,rmse,ks_statistic,ks_p_value,wasserstein_distance,distributions_similar,std_rmse,std_correlation,std_mean_absolute_error
A4,43,-3.3057932555675507,199,A4Model,2.3129246,0.23958333333333334,3.687313357610354e-80,1.0928781459269425,False,1.6839765,0.524382395511742,1.6180637
A3,95,-5.100341074038006e-06,199,A3Model,12.050805,0.4807449494949495,0.0,6.754890679042299,False,8.849334,0.157781463109939,8.365095
B5,100,0.7658950686454773,9027,B5Model,0.6567321,0.14583333333333334,8.719635432221164e-30,0.12963857235906354,False,0.54693353,0.30705203104480594,0.51644796
B2,22,-0.12247128714807332,9027,B2Model,0.6647225,0.11332070707070707,3.960957772612926e-18,0.1442055467519969,False,0.30583552,0.5595035031115919,0.2670396
B3,19,-2.478882610797882,9027,B3Model,0.78230006,0.10132575757575757,1.423393395663603e-14,0.16394482991240186,False,0.26460627,0.9669281845147466,0.25418213
B4,21,0.21416314411908388,9027,B4Model,0.7544497,0.056818181818181816,7.205946584994146e-05,0.06425061883208105,False,0.20811759,0.9607094953559948,0.19133973
A2,30,-0.30807477980852127,199,A2Model,2.346434,0.24305555555555555,1.6406772036923143e-82,1.1582949589011344,False,1.6789962,0.5361225741165837,1.5765443
B1,24,-1.9995279799861871,9027,B1Model,1.1498368,0.30113636363636365,3.964226192180337e-127,0.5427080099405687,False,0.4557619,0.9404351303038117,0.43186083
A1,43,-2.956542670726776,199,A1FinalModel,4.1759424,0.39551767676767674,1.298419525361957e-221,2.5279368940973104,False,3.1035905,0.6494353587306861,2.9853249
