model_id,training_epoch,training_loss,total_parameters,model_class,rmse,ks_statistic,ks_p_value,wasserstein_distance,distributions_similar,std_rmse,std_correlation,std_mean_absolute_error
A4,47,-3.552038699388504,199,A4Model,1.6807246,0.20359848484848486,7.542688861334343e-58,0.6342362117317174,False,0.9954882,0.5776822807184308,0.94751453
A3,64,0.00011896048920900792,199,A3Model,4.8791633,0.36205808080808083,6.527125068274397e-185,2.944242154775077,False,3.9448977,0.584395853544005,3.835081
B5,80,0.4436293225735426,9027,B5Model,0.6564907,0.4024621212121212,1.1022520905725284e-229,0.3744156128138687,False,0.55730045,-0.7731756508125103,0.5360266
B2,5,-0.16822345042601228,9027,B2Model,0.6780152,0.1976010101010101,1.7101648739247647e-54,0.1848428211042653,False,0.20327246,0.9344958284660441,0.19142
B3,16,-2.8645114079117775,9027,B3Model,0.9946291,0.12910353535353536,2.0339699439679077e-23,0.15075239035774007,False,0.19682547,0.9353405865269842,0.1686395
B4,17,0.18907828023657203,9027,B4Model,0.93105567,0.13068181818181818,5.509511730959101e-24,0.1542750973067804,False,0.24746293,0.7532545242389421,0.23039037
A2,30,-0.38731927052140236,199,A2Model,3.743757,0.2528409090909091,2.4984545535038134e-89,1.6772447479635133,False,2.9371388,0.08688124910833575,2.6926637
B1,18,-1.5981223202030854,9027,B1Model,0.57607794,0.36521464646464646,3.201552715833873e-188,0.34867953098376636,False,0.44060287,0.4078889758790063,0.42077518
A1,37,-3.1751475632190704,199,A1FinalModel,1.6377072,0.1745580808080808,1.4773877618491105e-42,0.5836960586197953,False,1.0882723,0.10768142603858029,0.98094773
