model_id,training_epoch,training_loss,total_parameters,model_class,rmse,ks_statistic,ks_p_value,wasserstein_distance,distributions_similar,std_rmse,std_correlation,std_mean_absolute_error
A4,16,-7.45443320274353,199,A4Model,1.4254787,0.11900252525252525,5.938950047460576e-20,0.41340954767119087,False,0.3172832,0.8798782052950005,0.26755753
A3,70,0.26481904843680204,199,A3Model,15.173829,0.3109217171717172,1.220549908945177e-135,5.496671583094625,False,13.773864,-0.07661594420873195,11.419277
B5,87,0.06276975898072124,9027,B5Model,0.5501521,0.5129419191919192,0.0,0.42514976044691655,False,0.54356545,-0.8911677154437083,0.5217537
B2,8,0.5496572274714708,9027,B2Model,0.77714705,0.4567550505050505,2.4853661749230835e-298,0.3354619009151341,False,0.407123,-0.8545429322479182,0.3679874
B3,11,-7.366117298603058,9027,B3Model,0.55468947,0.4933712121212121,0.0,0.4203429884902208,False,0.5332668,-0.9517179070847639,0.5096607
B4,24,0.06961060571484268,9027,B4Model,0.5511012,0.276199494949495,9.624790404728121e-107,0.30121294529970033,False,0.41453382,0.8616642743046452,0.3940933
A2,40,-0.9266527220606804,199,A2Model,2.330822,0.24021464646464646,1.3859572075539846e-80,1.0577096260436207,False,1.6005085,0.37743591307606406,1.4133148
B1,8,-0.9265078517556955,9027,B1Model,0.6644932,0.31691919191919193,5.317970751319032e-141,0.28661552567827486,False,0.35225374,0.5639403236365764,0.3318326
A1,25,-7.444044351577759,199,A1FinalModel,1.202215,0.13194444444444445,1.9156140998093266e-24,0.36339470661752077,False,0.7154609,0.8700736941660702,0.60146457
