model_id,training_epoch,training_loss,total_parameters,model_class,rmse,ks_statistic,ks_p_value,wasserstein_distance,distributions_similar,std_rmse,std_correlation,std_mean_absolute_error
A4,16,-7.45443320274353,199,A4Model,0.99765944,0.11079545454545454,2.3967320350076757e-17,0.2091787555638867,False,0.4839399,0.8954639933837659,0.45519283
A3,70,0.26481904843680204,199,A3Model,21.42841,0.34122474747474746,7.397612418831892e-164,7.990731794004366,False,13.649212,-0.05508646482379533,11.720883
B5,87,0.06276975898072124,9027,B5Model,0.5339393,0.492739898989899,0.0,0.40165247243871677,False,0.5191485,-0.9092567403523304,0.4986138
B2,8,0.5496572274714708,9027,B2Model,0.5992117,0.4605429292929293,1.700883100413396e-303,0.263558927737486,False,0.25617087,-0.3079794472057789,0.20968215
B3,11,-7.366117298603058,9027,B3Model,0.5254546,0.4510732323232323,1.1194663702037898e-290,0.3900832873348945,False,0.5107046,-0.7272429239397641,0.4895573
B4,24,0.06961060571484268,9027,B4Model,0.5764117,0.2850378787878788,9.367181430706484e-114,0.30306293719252264,False,0.39792448,0.8366818706127906,0.37852943
A2,40,-0.9266527220606804,199,A2Model,3.1549547,0.22916666666666666,2.575607045187444e-73,1.408583481634421,False,1.8003848,0.49188987692982583,1.6906128
B1,8,-0.9265078517556955,9027,B1Model,0.6017975,0.2986111111111111,5.592382140952533e-125,0.25279522176022584,False,0.31625023,0.8711294148748266,0.3035448
A1,25,-7.444044351577759,199,A1FinalModel,1.4194474,0.17077020202020202,9.70745999311152e-41,0.45521593248303815,False,0.60268015,0.8133230511759925,0.55131996
