dataset,model_id,best_loss,best_epoch,total_epochs
brownian,A1,-3.0633535981178284,29,100
brownian,A2,-0.31360772624611855,46,100
brownian,A3,-0.0016160920454191263,100,100
brownian,A4,-2.8526949882507324,25,100
brownian,B1,-2.3185764258405546,42,100
brownian,B2,-0.17484335927292705,12,100
brownian,B3,-2.7008599899709225,21,100
brownian,B4,0.24601945653557777,10,100
brownian,B5,0.6672042794525623,100,100
