model_id,training_epoch,training_loss,total_parameters,model_class,rmse,ks_statistic,ks_p_value,wasserstein_distance,distributions_similar,std_rmse,std_correlation,std_mean_absolute_error
A4,16,-7.542646408081055,199,A4Model,1.9234531,0.26957070707070707,1.228777332602501e-101,1.0169131257856898,False,1.6837199,0.8445821113880203,1.5265512
A3,98,0.3376081863970266,199,A3Model,42.122795,0.4706439393939394,1.6314265e-317,20.433989450449843,False,81.66248,-0.23058044173071085,77.04717
B5,75,0.04951948579400778,9027,B5Model,0.5061478,0.5151515151515151,0.0,0.37681966654325133,False,0.5027878,-0.9440291520445548,0.4728825
B2,11,0.5623612459748983,9027,B2Model,0.68977475,0.21717171717171718,7.976962504526863e-66,0.2015573588271516,False,0.16077022,0.8521901630189646,0.13540953
B3,9,-7.493896096944809,9027,B3Model,0.50511134,0.5047348484848485,0.0,0.37541027750035255,False,0.48685586,-0.7187670829928039,0.45474607
B4,26,0.06362263881601393,9027,B4Model,0.5337923,0.32417929292929293,1.2277649493726398e-147,0.27101479755047975,False,0.40896204,0.2877945939402995,0.3742452
A2,46,-0.9311449602246284,199,A2Model,2.2842002,0.28125,1.01211010874347e-110,1.1555511583856795,False,1.5017455,0.5066484534472463,1.4048636
B1,5,-0.903194210383442,9027,B1Model,0.6759453,0.16982323232323232,2.7236610408616033e-40,0.14536930483870375,False,0.12854403,0.836129322298036,0.10646926
A1,27,-7.565753221511841,199,A1FinalModel,1.0072653,0.1893939393939394,4.549441746129013e-50,0.35942610607718156,False,0.4325051,0.8013831926535151,0.38689923
