model_id,training_epoch,training_loss,total_parameters,model_class,rmse,ks_statistic,ks_p_value,wasserstein_distance,distributions_similar,std_rmse,std_correlation,std_mean_absolute_error
A4,38,-2.967857301235199,199,A4Model,1.7896227,0.2673611111111111,5.787699421712347e-100,0.8071697554516937,False,1.074917,0.3746457923358087,0.94393927
A3,100,-0.00830620135697091,199,A3Model,5.1664414,0.3645833333333333,1.4782936213969046e-187,3.150065888049939,False,4.3534036,0.4011737010682543,4.1064954
B5,43,0.6446786411106586,9027,B5Model,0.59513956,0.16982323232323232,2.7236610408616033e-40,0.21419967977951243,False,0.52469105,-0.8971148621973217,0.5043859
B2,7,-0.31359272124245763,9027,B2Model,1.2291225,0.21843434343434343,1.3580605118397378e-66,0.38747560688003113,False,0.26383483,0.8953428549424715,0.23099683
B3,18,-2.8728002086281776,9027,B3Model,0.7005694,0.18623737373737373,2.0353402749062745e-48,0.14427065384799992,False,0.14234398,0.7905627398368122,0.10337439
B4,6,0.22209018375724554,9027,B4Model,0.8184525,0.04040404040404041,0.011342921427718115,0.060288282275947,False,0.2022254,0.8486398583636537,0.16284975
A2,35,-0.35134250670671463,199,A2Model,2.0844116,0.22001262626262627,1.4631668327889313e-67,0.7947357104203963,False,1.3671939,0.10227705863186201,1.2336943
B1,12,-1.5657477949657412,9027,B1Model,0.56457925,0.4154040404040404,3.7787261621597096e-245,0.3707815347170116,False,0.44564405,0.5026045884379331,0.427045
A1,31,-3.2521864771842957,199,A1FinalModel,2.8738382,0.31186868686868685,1.7676921405782286e-136,1.6657840620061983,False,1.7262416,0.5519869375826595,1.6575532
